subj,bathsol,sex,race,pctburned,antibtime,antibevent,infecttime,infectevent
1,0,0,0,15,12,0,12,0
2,0,0,1,20,9,0,9,0
3,0,0,1,15,13,0,7,1
4,0,0,0,20,29,0,29,0
5,0,0,1,70,31,0,4,1
6,0,0,1,20,11,0,8,1
7,0,0,1,5,12,0,11,1
8,0,0,1,30,34,0,4,1
9,0,0,1,25,53,0,4,1
10,0,0,1,20,1,1,7,0
11,0,0,1,30,21,1,44,1
12,0,0,0,20,1,1,20,0
13,0,0,1,25,32,0,32,0
14,0,0,1,70,16,0,16,0
15,0,0,1,20,39,0,39,0
16,0,0,0,10,34,0,34,0
17,0,0,1,10,8,0,8,0
18,0,0,1,15,15,0,6,1
19,0,0,1,10,8,0,8,0
20,0,0,1,15,32,0,32,0
21,0,0,1,16,22,1,43,0
22,0,1,1,55,3,1,56,0
23,0,0,1,20,47,0,11,1
24,0,0,0,30,43,0,43,0
25,0,0,1,40,3,1,25,0
26,0,0,1,15,12,0,12,0
27,0,1,1,50,53,0,32,1
28,0,0,1,40,52,0,51,1
29,0,1,1,45,11,1,21,0
30,0,1,0,40,2,1,29,0
31,0,0,1,28,7,0,3,1
32,0,0,1,19,16,0,16,0
33,0,0,1,15,10,0,3,1
34,0,0,1,5,6,0,4,1
35,0,1,1,35,43,0,7,1
36,0,0,1,2,27,0,27,0
37,0,1,1,5,18,0,18,0
38,0,0,1,55,5,1,47,1
39,0,0,0,10,29,0,29,0
40,0,0,1,15,5,0,5,0
41,0,1,1,20,4,1,97,0
42,0,1,0,30,28,0,28,0
43,0,0,1,25,4,1,7,1
44,0,0,1,95,9,0,3,1
45,0,1,1,30,39,0,39,0
46,0,0,1,15,10,0,10,0
47,0,0,1,20,5,1,46,0
48,0,1,1,6,28,0,28,0
49,0,0,1,15,21,0,21,0
50,0,0,1,7,17,1,38,0
51,0,0,1,13,10,0,10,0
52,0,0,1,25,40,0,5,1
53,0,0,1,25,22,0,9,1
54,0,1,1,20,16,1,21,1
55,0,1,1,25,26,0,26,0
56,0,0,1,95,14,0,14,0
57,0,0,1,17,16,0,16,0
58,0,0,1,3,4,0,1,1
59,0,0,1,15,6,1,19,0
60,0,0,1,65,8,1,10,1
61,0,1,1,15,18,0,18,0
62,0,0,1,40,31,0,13,1
63,0,0,1,45,24,1,40,0
64,0,1,0,35,5,1,47,0
65,0,0,1,85,8,1,9,1
66,0,1,1,15,35,0,19,1
67,0,0,1,70,8,1,60,0
68,0,0,1,6,7,0,7,0
69,0,0,1,20,26,0,6,1
70,0,1,1,36,20,1,23,1
71,1,1,1,50,1,1,15,0
72,1,0,1,21,13,1,23,0
73,1,0,1,16,9,0,9,0
74,1,1,1,3,14,0,14,0
75,1,0,1,5,8,0,2,1
76,1,0,1,32,51,0,18,1
77,1,0,1,38,22,0,22,0
78,1,0,1,16,16,0,16,0
79,1,1,1,9,2,1,2,1
80,1,0,1,17,10,1,22,0
81,1,0,1,22,20,0,5,1
82,1,0,1,10,5,1,14,0
83,1,0,1,12,12,0,12,0
84,1,0,1,80,4,1,41,0
85,1,1,1,15,9,1,21,0
86,1,0,1,50,7,1,56,0
87,1,0,1,50,42,1,67,0
88,1,0,1,15,11,0,11,0
89,1,0,1,8,17,0,17,0
90,1,1,1,45,11,1,18,1
91,1,0,1,20,6,1,14,1
92,1,0,1,5,8,0,5,1
93,1,0,1,25,10,0,5,1
94,1,0,1,40,8,1,31,0
95,1,0,1,4,7,1,23,0
96,1,0,1,25,14,1,46,0
97,1,1,1,20,1,1,38,0
98,1,1,1,26,3,1,35,0
99,1,0,1,10,21,0,21,0
100,1,1,1,85,3,1,11,0
101,1,0,1,75,49,0,16,1
102,1,0,0,5,13,0,13,0
103,1,0,1,20,12,0,12,0
104,1,1,1,8,6,1,13,0
105,1,1,1,10,23,0,23,0
106,1,0,1,10,31,0,31,0
107,1,1,0,2,2,1,10,0
108,1,0,0,5,4,1,17,0
109,1,0,1,10,18,0,18,0
110,1,0,1,18,5,1,33,0
111,1,0,1,20,8,1,17,0
112,1,0,1,80,11,1,13,0
113,1,0,0,17,4,1,35,0
114,1,0,0,35,7,1,71,0
115,1,0,1,50,11,0,3,1
116,1,0,0,20,31,1,42,1
117,1,0,1,25,8,0,5,1
118,1,0,1,20,2,1,30,0
119,1,0,1,20,38,0,38,0
120,1,0,1,10,16,0,16,0
121,1,0,0,15,20,0,20,0
122,1,0,1,15,2,1,30,0
123,1,0,1,15,7,0,7,0
124,1,0,1,20,6,1,22,0
125,1,0,1,13,4,1,5,1
126,1,0,1,25,1,1,31,0
127,1,0,1,25,17,0,10,1
128,1,0,1,8,14,0,14,0
129,1,1,1,30,5,1,13,0
130,1,0,1,40,7,1,17,1
131,1,1,1,12,21,0,21,0
132,1,0,1,15,19,1,25,0
133,1,0,1,25,23,0,8,1
134,1,0,1,15,17,0,11,1
135,1,0,0,20,31,0,31,0
136,1,0,1,22,20,0,20,0
137,1,0,1,15,22,0,22,0
138,1,0,1,7,3,1,13,0
139,1,0,1,30,49,0,4,1
140,1,0,1,20,10,1,14,0
141,1,1,1,35,5,1,49,0
142,1,0,0,10,12,0,12,0
143,1,0,1,8,1,1,14,0
144,1,0,1,13,38,0,38,0
145,1,1,0,10,13,1,41,0
146,1,0,1,8,18,0,18,0
147,1,0,1,7,8,0,8,0
148,1,0,1,52,39,1,76,0
149,1,1,1,14,62,0,62,0
150,1,1,1,7,17,0,17,0
151,1,1,1,20,6,1,17,1
152,1,0,1,15,3,1,42,0
153,1,0,1,10,10,0,2,1
154,1,0,1,35,27,0,27,0
